Site,Year,Type,width,color,nectar,sepal,totpinene,indoleN,seeds,seedsinit,flyescape
agg,2010,H,3.8,NA,NA,NA,NA,NA,80.3,101.93,0.78947
agg,2010,H,3.53333,0.6607,2.22656,NA,NA,NA,149.83,167.83,0.89474
hyb,2010,H,3.86667,NA,1.36719,NA,NA,NA,57.47,70.74,0.82143
hyb,2010,A,3.8,0.75574,1.5625,NA,NA,NA,54.76,62.87,0.87097
hyb,2010,A,3.13333,0.53122,1.91406,NA,NA,NA,83.1,110.26,0.76271
hyb,2010,H,2.56667,NA,1.01563,NA,NA,NA,172.62,221.46,0.78125
agg,2011,H,3.1,0.60492,1.67969,NA,NA,0,36.23,42.26,0.82353
agg,2011,H,3.54,0.31384,1.52344,NA,NA,0,481.4,573.03,0.83654
agg,2011,H,3.425,0.54236,2.10938,NA,NA,0,347.92,416.42,0.83333
agg,2011,H,3.725,0.56306,0.15625,NA,NA,0,135.65,182.37,0.64286
agg,2011,H,3.725,0.56306,0.15625,NA,NA,7.0675,135.65,182.37,0.64286
agg,2011,H,3.62,0.25781,1.13281,NA,NA,15.2689,491.25,557.07,0.875
agg,2011,H,3.66,0.36991,2.57813,NA,NA,0.7071,230.15,305.5,0.73077
agg,2011,H,3.7,0.57091,2.42188,NA,NA,0,52.78,105.56,0.5
agg,2011,H,3.34,0.36073,2.34375,NA,NA,0,172.29,216.75,0.79487
agg,2011,H,3.65,0.37723,NA,NA,NA,0,184.8,211.98,0.87179
agg,2011,H,3.48,0.699,2.8125,NA,NA,0,171.92,266.93,0.62222
agg,2011,H,3.6,0.3407,1.09375,NA,NA,8.4556,561.72,639.7,0.87838
agg,2011,T,3.2,0.28563,0.57292,NA,NA,13.9845,465.39,555.34,0.83333
agg,2011,H,3.84,0.34116,0.46875,NA,NA,0.8899,223.67,308.68,0.72881
agg,2011,H,3.84286,0.3299,1.13281,NA,NA,2.42,1074.57,1255.74,0.85375
agg,2011,H,3.26,0.4472,1.44531,NA,NA,0,157.77,170.67,0.91667
agg,2011,H,3.48,0.65771,1.17188,NA,NA,6.0093,78.75,96.44,0.79167
agg,2011,A,3.275,0.42521,2.53906,NA,NA,0,126.74,151.49,0.82222
agg,2011,H,3.2,0.36573,1.48438,NA,NA,5.7226,318.77,362,0.86765
agg,2011,H,3.24,0.81459,2.53906,NA,NA,NA,157.88,197.35,0.8
agg,2011,H,3.26,0.84216,1.52344,NA,NA,0,135.96,236.14,0.57576
agg,2011,A,3.34,0.73443,2.53906,NA,NA,NA,200.04,235.57,0.84058
agg,2011,H,3.18,0.07709,0.07813,NA,NA,19.444,158.03,158.38,0.97727
agg,2011,H,3.4,0.36329,0.85938,NA,NA,7.618,30.93,51.35,0.58696
agg,2011,A,3.35,0.75598,1.36719,NA,NA,0,0,0,NA
agg,2011,H,3.56,0.4994,1.01563,NA,NA,0,20.84,39.08,0.53333
agg,2011,A,3.66,0.69013,1.28906,NA,NA,0,56.25,82.59,0.66667
agg,2011,H,3.6,0.39698,NA,NA,NA,0,69.96,113.01,0.61905
hyb,2011,H,3.12,0.52978,0.26042,NA,NA,0,73.61,158.79,0.46296
hyb,2011,H,3.25,0.67942,0.70313,NA,NA,0,155.75,330.2,0.47107
hyb,2011,H,3.05,0.47808,1.09375,NA,NA,5.6259,374.1,400.52,0.92857
hyb,2011,T,2.975,0.25283,0.15625,NA,NA,0,266.82,304.94,0.875
hyb,2011,H,3.125,0.57049,1.01563,NA,NA,0,53.17,55,0.8
hyb,2011,H,3.4,0.69724,0.18229,NA,NA,0,122.02,172.85,0.68966
hyb,2011,A,3.56,0.74352,1.79688,NA,NA,0,270.04,473.18,0.56452
agg,2012,A,3.4,0.67033,3.32031,1.1,63.045,0,2.45,6.43,NA
agg,2012,H,3.1,0.52417,NA,NA,NA,NA,NA,0,NA
agg,2012,H,3.38,0.57578,1.75781,1.4,102.754,0,16.67,20.62,0.8125
agg,2012,H,3.7,0.37454,0,NA,NA,NA,6.67,13.64,0.5
agg,2012,H,3.52,0.48102,0.85938,1.4,91.769,0,NA,NA,0
agg,2012,H,3,0.35116,0,NA,NA,NA,14.63,14.18,1
agg,2012,H,3.85,0.58029,NA,1.8,86.567,0,52.57,59.97,0.84615
agg,2012,H,3.7,0.48712,2.92969,1,55.659,0,NA,0,NA
agg,2012,H,3.4,0.38385,1.875,NA,NA,NA,13.33,13.33,1
agg,2012,H,3,0.40256,NA,NA,NA,NA,12.57,12.05,1
agg,2012,H,3.62,0.54179,1.60156,1.5,149.662,0,4.9,9.02,0.5
agg,2012,H,3.48,0.47601,0.85938,1.475,89.261,2.6602,37.39,85.25,0.44
agg,2012,H,3.34,0.44554,0.39063,1.275,45.585,0,25.98,25.78,1
agg,2012,H,2.96,0.57617,1.52344,1.5,63.105,0.0323,2.57,4.97,0.5
agg,2012,H,3.63333,0.74942,2.03125,1.3,61.351,0,70.29,93.41,0.71429
agg,2012,H,3.08,0.50027,2.92969,0.95,95.207,0,5.29,5.29,1
agg,2012,H,3.02,0.33808,1.25,1.75,93.607,0,7.08,9.4,0.75
agg,2012,H,3.42,0.58917,3.24219,1.45,53.643,0,36.58,69.57,0.52381
agg,2012,H,NA,NA,NA,NA,NA,NA,NA,0,NA
hyb,2012,A,3.53333,0.83369,1.79688,1.3,NA,NA,45.71,51.26,0.875
hyb,2012,H,3.35,0.56866,NA,NA,NA,NA,22.99,24.43,0.93333
hyb,2012,A,3.9,0.94347,NA,NA,NA,NA,9.23,8.84,1
hyb,2012,H,3.36,0.81305,1.01563,1.74,101.279,0,113.14,120.5,0.9375
hyb,2012,H,2.3,0.34463,NA,NA,NA,NA,2.06,3.09,NA
hyb,2012,A,3.4,0.75605,2.96875,1.44,42.097,0,35.16,40.58,0.84615
hyb,2012,T,2.96,0.33464,1.25,0.975,47.326,0,38.52,38.21,1
hyb,2012,H,3.125,0.63961,NA,1.56667,25.403,0,48,46.59,1
hyb,2012,H,2.8,0.38887,NA,NA,NA,NA,37.95,41.25,0.9
hyb,2012,H,2.8,0.69658,2.46094,1.66667,NA,NA,142.63,153.6,0.91837
hyb,2012,H,2.9,0.01073,0.54688,NA,NA,NA,3.2,3.54,NA
hyb,2012,A,2.46667,0.54743,NA,1.33333,NA,0,9.38,11.52,0.8
hyb,2012,H,3.26,0.73041,1.67969,1.33333,33.686,0,23.78,23.5,1
hyb,2012,H,2.5,0.80987,NA,1.4,NA,NA,23.81,23.69,1
ten,2012,H,3.36667,0.40427,2.61719,NA,NA,NA,112.36,121.4,0.91176
ten,2012,A,3.675,0.73426,1.99219,1.5,NA,NA,63.71,79.08,0.81481
ten,2012,H,3.5,0.5553,0.58594,1.38,NA,NA,202.45,325.13,0.625
ten,2012,H,3.16667,0.40532,1.40625,NA,NA,NA,6,5.5,1
agg,2013,H,2.94,0.36568,1.3,NA,NA,1.7559,3.33,3,1
agg,2013,H,3.5,0.56119,2.1,NA,33.825,0,61.05,86.11,0.69565
agg,2013,A,3.16,0.48357,1.48,NA,40.804,0,45.38,53.3,0.81818
agg,2013,H,3.43333,0.48686,4.65,NA,86.762,0,51.96,97.42,0.53333
agg,2013,H,3.7,0.34116,0,NA,115.586,0,23,26.29,0.875
agg,2013,H,3.275,0.49698,1,NA,NA,NA,4.36,4.15,1
agg,2013,H,2.78,0.66377,1,NA,NA,NA,33.6,33.6,1
agg,2013,A,3,0.57439,0.7,NA,NA,NA,14.8,14.8,1
agg,2013,A,3.64,0.58638,2.2,NA,NA,NA,50.93,55.36,0.8
agg,2013,A,3.42,0.53285,2.3,NA,NA,NA,58.23,68.25,0.84615
agg,2013,A,3.8,0.47861,2.4,NA,NA,NA,86.06,103.27,0.83333
agg,2013,A,3.68,0.61664,0.9,NA,NA,NA,96.12,91.54,0.88235
agg,2013,A,3.76,0.65433,3.28,NA,NA,NA,0,0,NA
agg,2013,A,3.48,0.60776,2.5,NA,NA,NA,37.19,49.5,0.77778
agg,2013,A,3.38,0.65048,2.73,NA,NA,NA,88.91,109.73,0.81818
hyb,2013,H,3.6,0.68248,0.8,NA,NA,NA,48.21,46.25,1
hyb,2013,A,2.48,0.56621,1.9,NA,47.997,0,52.73,60.06,0.86486
hyb,2013,A,3.14286,0.74224,2,NA,181.217,0,127.19,126.96,0.98592
hyb,2013,A,3.7,0.48662,3.2,NA,35.88,0,47.3,49.3,0.9375
hyb,2013,H,3.2,0.57083,1.9,NA,78.719,0,59.43,62.2,0.91667
hyb,2013,H,2.4,NA,NA,NA,NA,NA,NA,NA,NA
hyb,2013,H,2.83333,0.27428,0.2,NA,NA,NA,NA,NA,NA
hyb,2013,H,2.42,0.46504,NA,NA,NA,NA,NA,NA,NA
ten,2013,T,3.08,0.27157,0.6875,NA,NA,NA,246.38,312.95,0.78814
ten,2013,H,3.325,0.52326,3.75,NA,NA,NA,41.85,98.24,0.42105
ten,2013,H,3.42,0.79954,1.14063,NA,NA,NA,110.86,147.16,0.72917
ten,2013,H,2.82,0.77426,1.85547,NA,NA,NA,62.4,88.72,0.69697
agg,2014,H,3.45,0.42948,1.289,1.75,505.107,0,134,150.99,0.88571
agg,2014,H,3.3,0.42328,NA,NA,NA,NA,NA,NA,NA
agg,2014,H,3.15,0.32921,1.055,1.35,NA,NA,149.27,179.2,0.82143
agg,2014,H,2.625,0.02055,1.617,1.5,278.374,0,117.08,119.39,0.97297
agg,2014,A,3.3,0.67157,0.391,1,231.527,0,253.81,271.02,0.93651
agg,2014,H,3,0.37482,NA,1.9,250.189,0,13.14,65.71,0.2
agg,2014,H,3.5,0.35421,0.156,1.5,331.743,0,39.79,44.55,0.88889
agg,2014,H,3.6,0.60727,0.859,1.5,396.108,0,53.38,60.5,0.88235
agg,2014,H,3.075,0.66245,NA,1.55,230.438,0,89.29,93.54,0.96
agg,2014,H,3.2,0.36412,0,1.45,310.295,0,242,242.09,1
agg,2014,H,3.3,0.61271,0.234,1.7,333.882,0,92.3,97.73,0.94444
hyb,2014,A,3.4,0.73787,1.836,1.5,117.946,0,207.27,253.4,0.81633
hyb,2014,H,2.9,0.07101,0.391,1.3,94.668,0,154.78,179.22,0.86364
hyb,2014,H,2.9,0.65622,0.977,1.33,409.129,0,72.3,105.23,0.68421
hyb,2014,H,3.2,0.63773,0,1.63,203.26,0,80.29,93.68,0.85714
hyb,2014,A,3.4,0.70135,0.469,1.35,355.238,0,124.8,143.29,0.87097
hyb,2014,H,3.5,0.64229,0.391,1.5,396.261,0,13.87,15.26,0.90909
hyb,2014,H,3.15,0.60764,0,1.5,476.579,0,46.61,53.97,0.85714
hyb,2014,H,2.65,0.62445,NA,1.35,105.548,0,67.2,67.1,1
hyb,2014,T,1.975,0.07147,0.3125,1.3,111.523,0,159.13,164.19,0.9661
hyb,2014,H,2.7,0.02173,NA,1.8,522.789,0,33.93,46.65,0.72727
hyb,2014,H,2.96667,0.67021,0.703,1.2,323.147,0,131.48,151.68,0.82927
ten,2014,H,3.05,0.58394,0.664,1.65,194.352,0,101.67,120.91,0.82927
ten,2014,H,2.65,0.54105,1.094,1.5,224.429,0,93.83,113.91,0.8125
ten,2014,T,3.5,NA,0.234,1,73.322,2.9395,228.13,233.31,0.97778
ten,2014,H,2.85,0.30672,1.133,1.65,337.064,0,214.15,247.43,0.86275
ten,2014,T,2.4,0.0308,NA,1.5,NA,NA,NA,0,NA
ten,2014,H,3.85,0.50336,0.43,1.95,362.819,0,26,19.5,1
ten,2014,H,3.25,0.71074,1.055,1.7,518.669,0,103.33,105.78,0.75
ten,2014,H,3.55,0.46084,0.703,1.85,483.554,0.5367,12.09,8.1,1
ten,2014,H,3.26667,0.54794,1.016,1.6,670.959,7.9004,126.04,200.17,0.61111
ten,2014,H,3.05,0.60679,1.445,2.35,621.72,0,133.09,174.96,0.72414
ten,2014,H,3,0.779,1.172,1.4,631.188,0,30.6,25.84,0.83333
ten,2014,T,3.5,0.06281,0.117,1.45,557.182,0,56.55,56.03,0.875
ten,2014,H,3.6,0.83338,1.328,1.5,675.213,0,143.33,168.9,0.83824
ten,2014,H,3.7,0.68324,1.172,1.53,215.849,0,270.24,381.66,0.68966
ten,2014,H,3.25,0.83775,0.586,1.5,185.639,3.9985,58.16,147.48,0.3871
ten,2014,H,3.45,0.35351,NA,2,NA,NA,NA,0,NA
ten,2014,H,3,0.51621,0.234,1.65,509.981,0,52.58,55.35,0.92308
ten,2014,H,3.33333,0.59531,1.055,1.6,167.347,0,159.52,270.61,0.58667
ten,2014,A,3.66667,0.64554,1.289,1.7,310.164,0,92.89,149.56,0.59375
ten,2014,H,3.4,0.61581,1.211,1.4,268.129,0,110.65,139.78,0.76667
ten,2014,H,3.13333,0.60763,0.316,1.4,289.372,2.8106,56.23,57.54,0.92308
ten,2014,T,3,0.26276,0.156,1.25,224.46,0,272.29,266.96,1
ten,2014,H,3.15,0.71122,2.5,1.25,237.69,0,177.58,332.17,0.53165
ten,2014,H,3.55,0.91405,2.578,1.65,355.079,0,126.78,150.64,0.78947
ten,2014,H,3.36667,0.83357,0.3125,1.23,411.937,0,116.81,119.14,0.91304
ten,2014,H,3.4,0.09812,1.094,1.95,437.56,1.9543,84.86,114.75,0.70588
ten,2014,A,2.8,0.8356,2.148,1.6,245.988,0,55.09,75.98,0.7
agg,2015,H,2.76667,0.63194,0,1.53,NA,NA,0,0,NA
agg,2015,H,3.23333,0.62729,1.04297,1.67,NA,NA,0,0,NA
agg,2015,A,4.4,NA,NA,NA,NA,NA,NA,0,NA
agg,2015,A,3.76667,NA,NA,NA,NA,NA,4.23,6.57,0.66667
agg,2015,A,3.96667,NA,NA,NA,NA,NA,85.55,96.24,0.88889
agg,2015,A,3.6,NA,NA,NA,NA,NA,61.13,70.22,0.85714
agg,2015,A,3.54,NA,NA,NA,NA,NA,58.9,101.15,0.58537
agg,2015,A,3.13333,NA,NA,NA,NA,NA,45.11,54.07,0.83333
agg,2015,A,4.03333,NA,NA,NA,NA,NA,128.76,211.46,0.60976
agg,2015,A,3.4,NA,NA,NA,NA,NA,144.72,191.23,0.75676
agg,2015,A,3.7,NA,NA,NA,NA,NA,94.68,156.71,0.60417
agg,2015,A,4.7,NA,NA,NA,NA,NA,58.21,61.53,0.94444
agg,2015,A,3.43333,NA,NA,NA,NA,NA,56.16,77.22,0.72727
agg,2015,A,3.5,NA,NA,NA,NA,NA,NA,NA,0
agg,2015,A,3.45,NA,NA,NA,NA,NA,63.68,77.53,0.82143
agg,2015,A,3.4,NA,NA,NA,NA,NA,61.15,66.25,0.92308
agg,2015,A,3.5,NA,NA,NA,NA,NA,11.04,14.52,0.75
agg,2015,A,4.02,NA,NA,NA,NA,NA,50.76,65.6,0.77778
agg,2015,A,3.6,NA,NA,NA,NA,NA,25.76,41.86,0.61538
agg,2015,A,3.6,NA,NA,NA,NA,NA,87.95,118.23,0.7381
agg,2015,A,3.85,NA,NA,NA,NA,NA,34.4,91.73,0.375
hyb,2015,H,3.36667,0.29331,1.36198,1.5,135.178,0,60.65,65.71,0.92308
hyb,2015,H,3,0.56006,NA,1.23,104.558,0,9.17,7.27,NA
hyb,2015,H,3.26667,0.48295,0.66406,1.57,63.221,0,39,62.64,0.64286
hyb,2015,H,3.35,0.72246,0.61328,1.5,155.722,0,0,0,NA
hyb,2015,A,4.16667,0.74348,1.77344,1.6,142.573,0,0,0,NA
hyb,2015,H,2.9,NA,NA,NA,NA,NA,1.49,1.49,1
hyb,2015,H,3.4,NA,NA,NA,NA,NA,20.31,19.84,1
hyb,2015,H,2.93333,NA,NA,NA,NA,NA,71.84,99.04,0.7234
hyb,2015,H,3.13333,NA,NA,NA,NA,NA,4.33,4.33,1
hyb,2015,H,2.76667,NA,NA,NA,NA,NA,8.73,10.35,0.83333
hyb,2015,H,3.03333,NA,NA,NA,NA,NA,7.88,17.72,0.44444
hyb,2015,H,3.1,NA,NA,NA,NA,NA,36.57,70.43,0.51852
hyb,2015,H,3.23333,NA,NA,NA,NA,NA,88.42,146.99,0.60377
hyb,2015,H,3.06667,NA,NA,NA,NA,NA,7.13,8.55,0.83333
hyb,2015,H,3.5,NA,NA,NA,NA,NA,NA,0,NA
ten,2015,H,3.4,0.38596,1.09375,1.67,126.213,0,289.82,350.85,0.825
ten,2015,T,2.7,0.14499,0.03906,1.6,105.402,0.5978,79.29,98.18,0.8125
ten,2015,T,3.45,0.03632,0.3125,1.8,149.684,0,307.19,427.57,0.71739
ten,2015,H,3.475,0.39768,0.89844,1.625,197.398,0,242.81,338.05,0.71951
ten,2015,H,3.36667,0.48765,1.13281,1.37,63.29,3.0391,36.88,40.99,0.85714
ten,2015,H,4,0.32186,1.05469,1.85,193.688,7.2853,62.67,138.5,0.44828
ten,2015,H,2.85,0.38877,0.625,1.4,178.141,0,23.59,39.28,0.58333
ten,2015,A,3.75,0.75987,2.73438,1.55,169.006,0,37.55,53.9,0.66667
ten,2015,H,2.86667,NA,0.66406,1.6,47.057,0,92.59,112.23,0.825
ten,2015,A,3.43333,0.40261,2.13541,1.5,104.718,0,124,210.95,0.5814
ten,2015,H,2.75,0.44731,0.15625,1.5,138.788,0,51.38,115.61,0.44444
ten,2015,H,2.7,0.44101,1.71875,1.3,155.93,0,55.78,92.04,0.60606
ten,2015,H,3.05,0.38918,2.57813,1.55,90.192,0,5.67,16.69,0.33333
ten,2015,T,2.85,NA,1.09375,1.7,81.878,1.3512,52.5,54.41,0.94444
ten,2015,H,3.45,0.43982,0.07813,1.65,NA,0.3284,0,0,NA
ten,2015,H,3.3,NA,NA,1.3,NA,NA,0,NA,NA
ten,2015,H,2.85,0.27961,1.25,1.4,127.301,0,44.79,68.21,0.625
ten,2015,H,3.15,0.12417,0.03906,1.75,NA,NA,10.4,15,0.6
ten,2015,T,2.66667,0.06234,0.11719,1.47,130.074,0.5994,32.84,38.49,0.77778
ten,2015,H,3.35,0.36551,0.78125,1.7,103.483,0,68.79,106.75,0.64286
agg,2016,A,3.8,NA,NA,NA,NA,NA,50.07,78.82,0.64706
agg,2016,A,3.8,NA,NA,NA,NA,NA,42,42,1
agg,2016,A,3.05,NA,NA,NA,NA,NA,81.29,94.84,0.85714
agg,2016,A,4.1,NA,NA,NA,NA,NA,20.15,24.29,0.83333
agg,2016,A,3.26667,NA,NA,NA,NA,NA,19.84,24.8,0.8
agg,2016,A,3.7,NA,NA,NA,NA,NA,39,136.5,0.28571
agg,2016,A,2.63333,NA,NA,NA,NA,NA,132.05,130.91,1
agg,2016,A,2.86667,NA,NA,NA,NA,NA,49.18,67.62,0.72727
agg,2016,A,3.46667,NA,NA,NA,NA,NA,NA,NA,0
agg,2016,A,3.63333,NA,NA,NA,NA,NA,12.18,12.5,1
agg,2016,A,3.33333,NA,NA,NA,NA,NA,86.49,108.49,0.8
agg,2016,A,3.56667,NA,NA,NA,NA,NA,82.65,112.29,0.71429
agg,2016,A,3.3,NA,NA,NA,NA,NA,NA,0,NA
agg,2016,A,3.66667,NA,NA,NA,NA,NA,30.42,38.6,0.8
agg,2016,A,3.2,NA,NA,NA,NA,NA,42.18,75.93,0.55556
agg,2016,A,3.2,NA,NA,NA,NA,NA,47.79,104.28,0.45833
agg,2016,A,3.43333,NA,NA,NA,NA,NA,72.3,118.77,0.6087
agg,2016,A,3.2,NA,NA,NA,NA,NA,40,41.85,1
agg,2016,A,3.16667,NA,NA,NA,NA,NA,1.38,2.77,0.5
agg,2016,A,3.43333,NA,NA,NA,NA,NA,17.61,30.64,0.59091
hyb,2016,H,3.46667,NA,NA,NA,NA,NA,36.8,58.31,0.63158
hyb,2016,H,2.8,NA,NA,NA,NA,NA,24.07,24.02,1
hyb,2016,H,3.5,NA,NA,NA,NA,NA,124.42,154.53,0.80682
hyb,2016,H,2.6,NA,NA,NA,NA,NA,73.88,100.91,0.73171
hyb,2016,H,NA,NA,NA,NA,NA,NA,NA,0,NA
hyb,2016,H,3.06667,NA,NA,NA,NA,NA,48.31,49.24,1
hyb,2016,H,2.3,NA,NA,NA,NA,NA,4.29,7.07,0.6
hyb,2016,H,2.6,NA,NA,NA,NA,NA,11.49,13.79,0.83333
hyb,2016,H,3.15,NA,NA,NA,NA,NA,56.27,65.92,0.85366
hyb,2016,H,2.5,NA,NA,NA,NA,NA,57.18,103.92,0.55172
hyb,2016,H,NA,NA,NA,NA,NA,NA,41.44,48.75,0.85
ten,2016,A,3.53333,0.67693,3.04688,1.73,172.287,0,95.21,130.43,0.72727
ten,2016,H,3.03333,0.63487,0.82031,1.83,19.749,3.3626,153.71,212.26,0.72414
ten,2016,H,3.4,0.56956,3.04688,1.45,127.244,0.0221,48.46,59.23,0.81818
ten,2016,T,2.86667,0.19158,0.46875,1.5,104.239,0,125.62,150.74,0.83333
ten,2016,H,2.94,0.49887,1.44531,2.02,168.454,10.5996,87.51,197.41,0.44262
ten,2016,A,3.65,0.86021,2.69531,1.925,NA,NA,10.8,20.67,0.5
ten,2016,H,2.73333,0.69172,1.32813,1.77,16.775,0.3551,12.32,11.86,1
ten,2016,H,3.23333,0.50022,1.67969,1.67,130.343,0,174.42,191.86,0.90909
ten,2016,H,3.03333,0.43875,1.83594,1.5,99.521,0,36.57,51.19,0.71429
agg,2017,H,NA,NA,NA,NA,NA,NA,13.85,50.77,0.27273
agg,2017,H,3.5,NA,NA,NA,NA,NA,NA,NA,NA
agg,2017,H,3.66667,0.4328,NA,NA,NA,NA,NA,NA,NA
agg,2017,H,NA,NA,NA,NA,NA,NA,1.11,NA,0.96296
agg,2017,A,3.56667,0.40216,1.82292,NA,5.441,NA,107.68,133.13,0.80488
agg,2017,A,3.4,0.65781,1.30208,NA,23.557,NA,472.29,541.97,0.87356
agg,2017,A,3.6,0.62309,2.12674,NA,43.204,NA,283.08,337.22,0.82828
agg,2017,A,3.6,0.67447,1.04167,NA,55.76,NA,180.86,221.48,0.80822
agg,2017,A,4.06667,0.69121,1.48438,NA,4.832,NA,220.35,285.81,0.77419
agg,2017,A,2.85,0.63795,4.58333,NA,54.76,NA,105.67,114.94,0.92
agg,2017,A,3.5,0.62648,2.46094,NA,35.95,NA,90.75,93.51,0.93333
agg,2017,A,3.53333,0.61379,1.92708,NA,89.467,NA,38.75,37.89,0.9
agg,2017,A,3.4,0.63809,3.6849,NA,9.013,NA,63.75,69.6,0.92
agg,2017,A,4,0.62799,1.04167,NA,4.859,NA,16,65,0.2
agg,2017,A,NA,0.64282,0.96354,NA,15.707,NA,20.25,31.5,0.66667
agg,2017,A,3.5,0.38744,1.51042,NA,6.05,NA,83.5,121.16,0.69231
agg,2017,A,2.8,0.64663,2.86458,NA,2.707,NA,69.2,122.01,0.56863
agg,2017,A,3.63333,0.65841,2.1875,NA,56.761,NA,143.39,216.94,0.66667
agg,2017,A,3.16667,0.58367,NA,NA,5.475,NA,1.56,4.67,0.33333
agg,2017,A,2.86667,0.45699,3.15972,NA,13.77,NA,126.26,175.88,0.72
agg,2017,A,3.63333,0.4637,2.67361,NA,21.656,NA,32,102.19,0.31818
agg,2017,A,3.56667,0.3754,1.8099,NA,26.346,NA,40.15,61.6,0.66667
agg,2017,A,2.96667,0.42537,1.84028,NA,22.735,NA,84.36,91.64,0.92308
agg,2017,A,3.5,0.46048,NA,NA,NA,NA,44,48,1
agg,2017,A,3.15,0.47181,0.67708,NA,17.598,NA,63.33,79.41,0.77778
agg,2017,A,3.2,0.72621,0.82465,NA,8.787,NA,69.67,121.6,0.58621
agg,2017,A,3.03333,0.4364,1.43229,NA,8.855,NA,38.5,64.17,0.6
agg,2017,A,2.9,0.45444,1.13281,NA,21.352,NA,17.5,17.5,1
agg,2017,A,3.46667,0.66529,0.94618,NA,57.127,NA,24.5,24.5,1
agg,2017,A,3.25,0.54714,1.96181,NA,15.635,NA,70.06,74.42,0.94444
agg,2017,A,3.5,0.44275,1.66667,NA,36.593,NA,25,26.67,0.9
agg,2017,A,4.06667,0.48638,1.46701,NA,7.292,NA,255.81,388.48,0.66176
agg,2017,A,3.3,0.47415,NA,NA,5.102,NA,106.84,113.59,0.94737
agg,2017,A,3.1,0.55107,1.59722,NA,17.379,NA,319.22,363.48,0.88525
agg,2017,A,3.7,0.45533,1.98785,NA,4.649,NA,200.34,244.19,0.83333
agg,2017,A,NA,0.6586,2.48264,NA,21.949,NA,98.06,184.14,0.53125
agg,2017,A,3.5,0.40598,0.54688,NA,NA,NA,42.07,34.44,1
agg,2017,A,3.83333,0.36223,NA,NA,7.762,NA,67.9,77.5,0.88889
agg,2017,A,3.46667,0.37839,0.83333,NA,4.659,NA,56.04,111.82,0.5
agg,2017,A,3.6,0.65513,2.03125,NA,15.589,NA,272.79,291.73,0.93333
agg,2017,A,3.7,0.67632,0.20833,NA,10.764,NA,NA,0,NA
agg,2017,A,3.66667,0.66621,1.09375,NA,38.982,NA,292.49,362.4,0.80556
agg,2017,A,3.76667,0.66797,0.83333,NA,8.909,NA,45,39.86,1
agg,2017,A,3.76667,0.66797,0.83333,NA,22.867,NA,45,39.86,1
agg,2017,A,3.15,0.63643,1.60156,NA,15.137,NA,48,90.67,0.5
agg,2017,A,3.5,0.64442,1.27604,NA,80.285,NA,332.11,363.87,0.91358
agg,2017,A,2.55,0.60989,0.84201,NA,13.077,NA,41.16,37.09,1
agg,2017,A,2.4,0.60989,1.4974,NA,47.702,NA,NA,0,NA
agg,2017,A,3.6,0.61236,1.875,NA,99.766,NA,18.57,23.83,0.6
agg,2017,A,3.13333,0.46905,NA,NA,7.34,NA,76.65,133.55,0.59091
agg,2017,A,3.76667,0.63269,1.9184,NA,31.413,NA,424.41,488.56,0.86555
agg,2017,A,2.8,0.55667,1.24132,NA,5.1,NA,103.87,110.41,0.96
agg,2017,A,3.86667,0.41797,0.625,NA,13.911,NA,75.33,93.7,0.82609
agg,2017,A,3.56667,0.6581,1.57878,NA,7.182,NA,131.07,151.74,0.86842
agg,2017,A,3.7,0.5622,2.03125,NA,46.071,NA,72.22,105.11,0.69565
hyb,2017,H,3.4,0.3241,NA,NA,NA,NA,NA,NA,NA
hyb,2017,H,NA,NA,NA,NA,NA,NA,8.75,12.73,0.5
hyb,2017,H,2.73333,0.64631,0,NA,3.532,NA,16.79,18.83,0.75
hyb,2017,H,2.93333,0.06514,0.18229,NA,34.412,0,41.85,54.98,0.75758
hyb,2017,H,3.5,0.39422,0.88542,NA,8.141,1.8155,52.5,79.57,0.61111
hyb,2017,H,3.26667,0.35095,0.72049,NA,9.825,0.7925,80.09,111.07,0.71667
hyb,2017,H,2.86667,0.42642,2.91667,NA,9.615,0.3129,40.38,42.93,0.9375
hyb,2017,H,3.56667,0.37774,1.81424,NA,21.302,0.5838,58.89,83.21,0.69231
hyb,2017,H,2.9,0.5127,0.65104,NA,23.548,0.4839,71.94,88.83,0.83333
hyb,2017,H,2.75,0.05222,0.26042,NA,17.052,0,38.91,54.48,0.72222
hyb,2017,H,2.65,0.425,0.49479,NA,24.951,0.7822,97.96,110.79,0.90323
hyb,2017,H,3.16667,0.04112,0.78125,NA,2.281,NA,25.65,39.81,0.68182
hyb,2017,H,2.7,0.37711,0.57292,NA,5.554,0,96.53,100.1,0.95455
hyb,2017,H,2.7,0.2786,0.43403,NA,8.205,0.3479,44.2,78.54,0.56098
hyb,2017,H,2.76667,0.38106,0.83333,NA,9.697,0.7242,23.18,42.43,0.57143
hyb,2017,H,2.3,0.34284,0.05208,NA,3.558,NA,56.5,65.59,0.86957
hyb,2017,H,2.55,0.16911,0,NA,6.374,NA,NA,NA,0
hyb,2017,H,2.6,0.36998,0.57292,NA,7.875,0,84.55,95.12,0.90476
hyb,2017,H,2.66667,0.1315,0.3125,NA,16.871,0.1514,12.94,11.79,1
hyb,2017,H,2.9,0.34682,0.625,NA,18.054,0,7.85,6.86,1
hyb,2017,H,2.25,0.38681,1.25,NA,16.908,0,2.21,3.47,0.66667
hyb,2017,H,3.13333,0.44485,0.46875,NA,22.488,0.3925,129.99,140.74,0.93103
hyb,2017,H,3,0.46833,1.09375,NA,5.563,0,11.35,19.24,0.61538
hyb,2017,H,3.03333,0.26375,0.36458,NA,NA,0,53.14,59.09,0.92308
hyb,2017,H,3.36667,0.33549,0.91146,NA,24.791,0,0,NA,0
hyb,2017,H,3.25,0.63068,NA,NA,11.835,0.1194,36.57,58.1,0.63158
hyb,2017,H,3,0.48413,0,NA,12.583,NA,11.52,44.72,0.26667
hyb,2017,H,2.45,0.41853,NA,NA,NA,NA,24.36,28.13,0.88889
hyb,2017,H,2.43333,0.48593,0.10417,NA,7.973,0.0972,14.67,14.67,1
hyb,2017,H,2.76667,0.32962,0.65972,NA,13.1,0.7204,65.45,102.19,0.64286
hyb,2017,H,3.03333,0.45651,0.15625,NA,NA,NA,11.64,17.25,0.6
hyb,2017,H,NA,NA,NA,NA,26.141,NA,NA,NA,NA
hyb,2017,H,2.46667,NA,NA,NA,7.592,1.2795,8,8,1
hyb,2017,H,2.53333,0.44251,0.44271,NA,NA,NA,29.81,47.72,0.61538
hyb,2017,H,3.63333,0.36602,3.54167,NA,6.252,0.5444,4.67,3.44,1
hyb,2017,H,3.23333,0.28595,0.70313,NA,98.092,0.607,9.94,15.32,0.66667
ten,2017,H,3,0.1027,NA,NA,NA,NA,NA,NA,NA
ten,2017,T,3.1,NA,NA,NA,NA,NA,30.64,37.68,0.76923
ten,2017,H,NA,NA,NA,NA,NA,NA,185.39,209.65,0.87097
ten,2017,H,NA,NA,NA,NA,NA,NA,2.4,NA,0.66667
ten,2017,H,2.56667,0.1805,NA,NA,NA,NA,NA,NA,NA
agg,2018,A,3.3,0.49022,2.5,NA,NA,NA,NA,NA,0
agg,2018,A,2.86667,NA,NA,NA,NA,NA,0,NA,0.25
agg,2018,A,2.7,NA,NA,NA,NA,NA,44.4,44.9,1
agg,2018,A,2.3,0.55707,0.54688,NA,NA,NA,99.79,137.69,0.73913
agg,2018,A,3.23333,0.67765,0.54688,NA,NA,NA,34.21,40.44,0.84615
agg,2018,A,NA,0.6088,0,NA,NA,NA,0,0,NA
agg,2018,A,3.5,0.55356,0,NA,NA,NA,58.67,141.71,0.4375
agg,2018,A,3.08,0.63014,NA,NA,NA,NA,26.83,28.88,1
agg,2018,A,3.16667,0.58359,NA,NA,NA,NA,5.4,10.8,0.5
agg,2018,A,NA,NA,NA,NA,NA,NA,NA,NA,NA
agg,2018,A,NA,0.60436,NA,NA,NA,NA,4.44,24.44,0.18182
agg,2018,A,3.15,0.57356,1.17188,NA,20.103,NA,9,9,1
agg,2018,A,3.1,0.32892,NA,NA,NA,NA,0,0,NA
agg,2018,A,2.35,0.6675,0.46875,NA,NA,NA,3.18,8.68,0.375
agg,2018,A,3.2,0.64946,NA,NA,NA,NA,85.41,134.7,0.64865
agg,2018,A,3.2,0.68848,0,NA,NA,NA,1.35,1.35,1
agg,2018,A,3.25,0.6079,0.07813,NA,5.022,NA,40.89,91.67,0.45455
agg,2018,A,3.63333,0.48336,1.15885,NA,19.151,NA,38.89,37.33,1
agg,2018,A,2.9,0.62268,NA,NA,NA,NA,19.8,49,0.42857
agg,2018,A,3.4,0.57578,NA,NA,NA,NA,NA,NA,NA
agg,2018,A,2.7,NA,NA,NA,NA,NA,13.33,13.33,1
agg,2018,A,2.6,0.6128,0,NA,18.878,NA,8,15.16,0.55556
agg,2018,A,2.9333,0.48872,NA,NA,5.766,NA,30.92,35.75,0.91667
agg,2018,A,3.7,0.57494,0,NA,NA,NA,8.61,22.16,0.375
agg,2018,A,3.15,0.63656,NA,NA,NA,NA,16.76,22.35,0.75
agg,2018,A,3.3,0.49876,1.52344,NA,NA,NA,2.5,2.5,1
agg,2018,A,3,0.62023,NA,NA,NA,NA,0,0,NA
agg,2018,A,2.93333,0.48749,NA,NA,NA,NA,17.14,33.6,0.5
agg,2018,A,3.25,0.53905,0,NA,4.337,NA,23.52,43.13,0.54545
agg,2018,A,1.55,0.51551,NA,NA,5.212,NA,102.73,229.72,0.46667
agg,2018,A,2.2,0.68878,1.58203,NA,11.027,NA,14.45,30,0.5
agg,2018,A,2.8,NA,NA,NA,NA,NA,0,0,NA
agg,2018,A,2.73333,0.58943,NA,NA,22.792,NA,41.1,58.82,0.75
agg,2018,A,NA,0.54554,NA,NA,NA,NA,0,0,NA
agg,2018,A,2.36667,0.67271,0.9375,NA,NA,NA,40.07,47.67,0.84615
agg,2018,A,2.45,0.647,0.15625,NA,7.716,NA,30,30,1
agg,2018,A,2.5,0.56863,0.54688,NA,NA,NA,0,0,NA
agg,2018,A,2.55,0.61189,2.8125,NA,NA,NA,0,0,NA
agg,2018,A,2.4,0.50564,0.78125,NA,NA,NA,0,NA,0
agg,2018,A,3.7,0.68941,NA,NA,NA,NA,0,0,NA
agg,2018,A,3.13333,0.59624,0.50781,NA,5.182,NA,2.45,3.63,0.66667
agg,2018,A,3.5,0.66421,NA,NA,NA,NA,22.16,32.64,0.71429
agg,2018,A,3.4,NA,NA,NA,6.299,NA,60.17,61.72,1
agg,2018,A,3.3,0.59285,NA,NA,NA,NA,8.25,20.63,0.4
agg,2018,A,3.3,0.52173,2.28516,NA,NA,NA,2.55,2.55,1
agg,2018,A,3,0.57035,1.83594,NA,6.661,NA,16.59,25.19,0.75
agg,2018,A,2.12,NA,NA,NA,4.379,NA,NA,NA,NA
agg,2018,A,3.2,0.63287,0.11719,NA,NA,NA,0,NA,0
agg,2018,A,2.6,0.54052,0.15625,NA,4.289,NA,55.9,65.76,0.875
agg,2018,A,3.15,0.63706,NA,NA,NA,NA,45,90,0.5
hyb,2018,H,2.675,0.40884,0.07813,NA,NA,NA,2.41,2.38,1
hyb,2018,H,2.9,0.53478,NA,NA,NA,NA,147.59,159.08,0.96552
hyb,2018,H,2.3,0.33294,NA,NA,NA,NA,9.31,12.3,0.77778
hyb,2018,H,2.5,0.58217,NA,NA,NA,0,78.52,85.2,0.93939
hyb,2018,H,1.86667,0.39699,NA,NA,NA,NA,67.85,70.47,0.97368
hyb,2018,H,1.66667,0.33981,0.07813,NA,NA,NA,0,0,NA
hyb,2018,H,1.85,0.52863,NA,NA,NA,NA,0,0,NA
hyb,2018,H,2.4,0.21605,NA,NA,NA,NA,0,0,NA
hyb,2018,H,2.13333,0.71376,NA,NA,NA,NA,43.88,52.65,0.83333
hyb,2018,H,2.16667,0.44085,NA,NA,NA,0,111.14,114.02,1
hyb,2018,H,1.725,0.45575,0.3125,NA,8.089,1.4378,8.31,8.27,1
hyb,2018,H,1.867,0.28494,0,NA,NA,NA,7.03,10.32,0.66667
hyb,2018,H,2.225,0.4866,NA,NA,NA,NA,13.2,13.89,1
hyb,2018,H,2.15,0.02573,NA,NA,8.546,NA,1.08,1.07,1
hyb,2018,H,2.8,0.12588,NA,NA,NA,NA,16.83,16.78,1
hyb,2018,H,2.1,0.39016,NA,NA,11.312,NA,NA,NA,NA
hyb,2018,H,1.6,0.39422,0.09766,NA,3.093,NA,46.91,80,0.7
hyb,2018,H,2.65,0.52437,0.50781,NA,NA,NA,26.89,26.89,1
hyb,2018,H,2.73333,0.40647,NA,NA,NA,0,5.64,5.64,1
hyb,2018,H,2.33333,0.53621,0,NA,NA,NA,0,0,NA
hyb,2018,H,2.3,0.66535,NA,NA,NA,NA,11.67,13.71,0.875
hyb,2018,H,NA,NA,NA,NA,NA,NA,8,8,1
hyb,2018,H,2.66667,0.38806,NA,NA,NA,NA,67.48,91.93,0.77273
hyb,2018,H,2.66667,0.4398,NA,NA,NA,0.017,1.14,1.12,1
hyb,2018,H,1.9,0.35393,NA,NA,NA,NA,96.32,100.7,1
hyb,2018,H,1.8,NA,NA,NA,NA,NA,25.6,27.43,1
hyb,2018,H,2.86667,0.60806,0,NA,NA,0,16.49,16.96,1
hyb,2018,H,2.4,0.61335,NA,NA,12.967,NA,35,39.01,0.9375
hyb,2018,H,2.55,0.61922,NA,NA,NA,NA,7.63,7.81,1
hyb,2018,H,2.46667,0.63507,NA,NA,NA,NA,22.82,24.44,1
hyb,2018,H,NA,NA,NA,NA,34.074,0,NA,NA,NA
hyb,2018,H,NA,NA,NA,NA,NA,0,NA,NA,NA
hyb,2018,H,2.33333,0.45955,0.85938,NA,9.58,0,13.95,17.23,0.81818
hyb,2018,H,2.5,0.23607,NA,NA,NA,NA,2.25,4.5,0.5
hyb,2018,H,2.66667,0.67267,NA,NA,NA,NA,73.23,80.48,0.93333
hyb,2018,H,2.56667,0.36829,0.23438,NA,12.5,0,1.39,1.35,1
hyb,2018,H,2.9,NA,NA,NA,NA,NA,25.33,25.49,1
hyb,2018,H,1.85,0.35527,0,NA,NA,NA,24.72,27.86,0.92308
ten,2018,H,3.76667,0.76941,NA,NA,NA,NA,10.3,12.06,0.90909
ten,2018,T,3.55,0.20572,NA,NA,NA,NA,96.01,95.96,1
ten,2018,H,2.6,0.5584,NA,NA,NA,NA,31,31.94,1
